INSERT INTO Books (Id, Title, Author, Genre, Price, Stock, ISBN, Publisher) VALUES (1, 'The Striker', 'Ana Huang', 'Romance', 18.99, 20, '9781464223327', 'Bloom Books');
INSERT INTO Books (Id, Title, Author, Genre, Price, Stock, ISBN, Publisher) VALUES (2, 'God of Malice', 'Rina Kent', 'Dark Romance', 23.99, 23, '9781685450984', 'Self Published');
INSERT INTO Books(Id, Title, Author, Genre, Price, Stock, ISBN, Publisher) VALUES  (3,	'Caught Up','Liz TomForde',	'Romance', 17.99, 20,'9798863597157','Self Published');
INSERT INTO Books (Id, Title, Author, Genre, Price, Stock, ISBN, Publisher) VALUES (4, 'Twisted Love', 'Ana Huang', 'Romance', 17.99, 25, '9781728274867', 'Bloom Books');
INSERT INTO Books (Id, Title, Author, Genre, Price, Stock, ISBN, Publisher) VALUES (5, 'Cruel Prince', 'Rina Kent', 'Dark Romance', 16.71, 30, '9781685450489', 'Bloom Books');
INSERT INTO Books (Id, Title, Author, Genre, Price, Stock, ISBN, Publisher) VALUES (6, 'Terms and Conditions', 'Lauren Asher', 'Romance', 17.99, 20, '9781737507734', 'Bloom Books');
INSERT INTO Books (Id, Title, Author, Genre, Price, Stock, ISBN, Publisher) VALUES (7, 'Wretched', 'Emily Mcintire', 'Romance', 16.99, 15, '9798985138061', 'Bloom Books');
INSERT INTO Books (Id, Title, Author, Genre, Price, Stock, ISBN, Publisher) VALUES (8, 'If You Could See the Sun', 'Ann Liang', 'Young Adult', 18.99, 12, '9781335005984', 'Inkyard Press');
INSERT INTO Books (Id, Title, Author, Genre, Price, Stock, ISBN, Publisher) VALUES (9, 'The Wrong QuarterBack', 'CR.Jane', 'Romance', 19.0, 15, '9798347004287', 'Podium');
INSERT INTO Books (Id, Title, Author, Genre, Price, Stock, ISBN, Publisher) VALUES (10, 'I Hope This Doesn''t Find You', 'Ann Liang', 'Young Adult', 18.99, 35, '9781338827156', 'Scholastic Press');
INSERT INTO Books (Id, Title, Author, Genre, Price, Stock, ISBN, Publisher) VALUES (11, 'The Right Move', 'Liz TomForde', 'Romance', 18.99, 30, '9798374161557', 'Self Published');
INSERT INTO Books (Id, Title, Author, Genre, Price, Stock, ISBN, Publisher) VALUES (12, 'You''ve Reached Sam', 'Dustin Thao', 'Fiction', 15.0, 10, '9781250762054', 'Wednesday Books');
INSERT INTO Books (Id, Title, Author, Genre, Price, Stock, ISBN, Publisher) VALUES (13, 'Spare And Found Parts', 'Sarah Maria Griffin', 'Fantasy', 11.99, 5, '9780062408884', 'Titan Books');
INSERT INTO Books (Id, Title, Author, Genre, Price, Stock, ISBN, Publisher) VALUES (14, 'King Of Pride', 'Ana Huang', 'Romance', 15.99, 11, '9781728289731', 'Bloom Books');
INSERT INTO Books (Id, Title, Author, Genre, Price, Stock, ISBN, Publisher) VALUES (15, 'The Midnight Library', 'Matt Haig', 'Fiction', 13.29, 15, '9780525559474', 'Viking');
INSERT INTO Books (Id, Title, Author, Genre, Price, Stock, ISBN, Publisher) VALUES (16, 'Atomic Habits', 'James Clear', 'Self-help', 11.98, 20, '9780735211292', 'Avery');
INSERT INTO Books (Id, Title, Author, Genre, Price, Stock, ISBN, Publisher) VALUES (17, 'The Silent Patient', 'Alex Michaelides', 'Thriller', 14.99, 12, '9781250301697', 'Celadon Books');
INSERT INTO Books (Id, Title, Author, Genre, Price, Stock, ISBN, Publisher) VALUES (18, 'A Promised Land', 'Barack Obama', 'Biography', 23.96, 10, '9781524763169', 'Crown Publishing Group');
INSERT INTO Books (Id, Title, Author, Genre, Price, Stock, ISBN, Publisher) VALUES (19, 'Where the Crawdads Sing', 'Delia Owens', 'Mystery', 9.59, 18, '9780735219106', 'G.P. Putnam’s Sons');
INSERT INTO Books (Id, Title, Author, Genre, Price, Stock, ISBN, Publisher) VALUES (20, 'Educated', 'Tara Westover', 'Memoir', 14.4, 8, '9780399590504', 'Random House');
INSERT INTO Books (Id, Title, Author, Genre, Price, Stock, ISBN, Publisher) VALUES (21, 'Becoming', 'Michelle Obama', 'Memoir', 17.99, 14, '9781524763138', 'Crown Publishing Group');
INSERT INTO Books (Id, Title, Author, Genre, Price, Stock, ISBN, Publisher) VALUES (22, 'The Subtle Art of Not Giving a F*ck', 'Mark Manson', 'Self-help', 14.99, 25, '9780062457714','Harper Collins Publishers');
INSERT INTO Books (Id, Title, Author, Genre, Price, Stock, ISBN, Publisher) VALUES (23, 'The Alchemist', 'Paulo Coelho', 'Fiction', 10.29, 22, '9780061122415', 'Harper Collins Publishers');
INSERT INTO Books (Id, Title, Author, Genre, Price, Stock, ISBN, Publisher) VALUES (24, 'Sapiens: A Brief History of Humankind', 'Yuval Noah Harari', 'History', 18.99, 17, '9780062316097', 'Harper Collins Publishers');
INSERT INTO Books (Id, Title, Author, Genre, Price, Stock, ISBN, Publisher) VALUES (25, 'Play Along ', 'Liz TomForde', 'Romance', 17.31, 27, '9798329360318', 'Self Published');
INSERT INTO Books (Id, Title, Author, Genre, Price, Stock, ISBN, Publisher) VALUES (26, 'Flawless', 'Elsie Silver', 'Romance', 17.0, 16, '9781728297002', 'Bloom Books');
INSERT INTO Books (Id, Title, Author, Genre, Price, Stock, ISBN, Publisher) VALUES (27, 'The Summer Girl', 'Elle Kennedy', 'Romance', 18.0, 18, '9781250863874', 'St Martin''s Griffin');
INSERT INTO Books (Id, Title, Author, Genre, Price, Stock, ISBN, Publisher) VALUES (28, 'God Of Fury', 'Rina Kent', 'Dark Romance', 25.0, 19, '9781685452186', 'Self Published');
INSERT INTO Books (Id, Title, Author, Genre, Price, Stock, ISBN, Publisher) VALUES (29, 'Say You Swear', 'Meagan Brandy', 'Romance', 12.0, 12, '9798416531737', 'Self Published');
INSERT INTO Books (Id, Title, Author, Genre, Price, Stock, ISBN, Publisher) VALUES (30, 'There is No Devil', 'Sophie Lark', 'Romance', 17.99, 10, '9781728294254', 'Bloom Books');
INSERT INTO Books (Id, Title, Author, Genre, Price, Stock, ISBN, Publisher) VALUES (31, 'Hexed', 'Emily Mcintire', 'Dark Romance', 17.99, 15, '9781728275864', 'Bloom Books');
INSERT INTO Books (Id, Title, Author, Genre, Price, Stock, ISBN, Publisher) VALUES (32, 'Small Things Like These', 'Claire Keegan', 'Fiction', 20.0, 7, '9780802158741', 'Grove Press');
INSERT INTO Books (Id, Title, Author, Genre, Price, Stock, ISBN, Publisher) VALUES (33, 'Powerless', 'Elsie Silver', 'Romance', 17.99, 24, '9781728297026', 'Bloom Books');
INSERT INTO Books (Id, Title, Author, Genre, Price, Stock, ISBN, Publisher) VALUES (34, 'In The Words', 'Tana French', 'Fiction', 18.0, 6, '9780143113492', 'Penguin Books');
INSERT INTO Books (Id, Title, Author, Genre, Price, Stock, ISBN, Publisher) VALUES (35, 'Girl Abroad', 'Elle Kennedy', 'Romance', 16.99, 17, '9781728299792', 'Bloom Books');
INSERT INTO Books (Id, Title, Author, Genre, Price, Stock, ISBN, Publisher) VALUES (36, 'The Big Smoke', 'Adrian Matejka', 'Poetry', 20.0, 11, '9780143123729', 'Penguin Books');
INSERT INTO Books (Id, Title, Author, Genre, Price, Stock, ISBN, Publisher) VALUES (37, 'Love Unwritten', 'Lauren Asher', 'Romance', 17.99, 19, '9781728292144', 'Bloom Books');
INSERT INTO Books (Id, Title, Author, Genre, Price, Stock, ISBN, Publisher) VALUES (38, 'I am not Jeesica Chen', 'Ann Liang', 'Romance', 19.99, 27, '9781335523128', 'Harper Collins Publishing');


INSERT INTO Customer (ID, Name, Email, Address, Phone, AccountCreationDate) VALUES
(1, 'Jacob Beard', 'ijacobson@peterson-jones.biz', '3799 Morales Prairie, Ramosville, UT 39414', '189-951-6749', '2020-02-27'),
(2, 'Shawn Lopez', 'oscarmoore@yahoo.com', '2332 Sarah Via Apt. 633, Jensenshire, CT 55116', '075-279-0522', '2022-05-25'),
(3, 'Michael Fields', 'sarah08@simpson.com', '87616 Abigail Crossroad Suite 748, Port Brandonshire, MS 62548', NULL, '2012-05-11'),
(4, 'Adam Shah', 'prattconnie@hotmail.com', 'USNV Marks, FPO AE 30100', '096-126-8832', '1984-07-16'),
(5, 'Frank Larson','gregorygould@gmail.com', '00003 Larson Fort Apt. 486 Dustinburgh, GA 38235', '008-393-2333', '2013-04-04'),
(6, 'John Johnson','angela09@todd-dorsey.com','98575 Price Circle Apt. 638 West Dawnbury, TX 89725',NULL,'1981-08-04'),
(7, 'Angela Elliott','jaymorales@hotmail.com','516 Thompson Neck, Diazmouth NM 37383','976-309-3214','1982-02-26'),
(8,'Paul Acosta','misty17@barron-barnes.com','384 Allison Junction, Hillfurt NM 10941','433-321-3283','2022-09-30'),
(9, 'Mark Williams','ewalters@hotmail.com','79899 Salazar Flat, West Oscarside, RI 59940',NULL,'2013-06-24'),
(10,'Laura Booker',	'mccoycarlos@gmail.com','90134 Harmon Villages, South Jessicaport, NM 71484', '174-602-3381', '2025-02-11'),
(11, 'Melissa Harris','elizabethluna@huber.biz','398 Madison Parks Suite 021, Lake Randy, RI 99315','001-268-5722','1978-05-23'),
(12, 'Toni Nunez','sanderson@gmail.com','277 Garcia Knoll West Philip, FL 40506', NULL, '2017-08-27'),
(13, 'Adam Mercado DDS','jellis@hotmail.com','USS Rodriguez, FPO AE 51184',	'001-587-5654','2006-06-19'),
(14, 'Nina Ferguson','marymorris@gmail.com','00955 Nguyen Mews, Aliciaton, VA 11718', '234-386-2529','2006-05-12'),
(15, 'Wanda Smith','nmurphy@gmail.com','69502 Schneider Plaza Apt. 721, Hammondport, IN 68559', NULL,'2015-04-19'),
(16, 'Thomas Pineda','stephanieallison@gmail.com','65831 Ford Run Apt. 488, Lake Kevinland, NM 18508','942-051-9255','2011-08-10'),
(17, 'Phillip Walker','smithchristine@yahoo.com','43453 Bautista Mill Suite 420, Port Williamport, WY 64814','204-174-3457','2021-08-28'),
(18, 'Xavier Cummings','james91@lee-brown.com','678 Adams Roads Suite 858, New Michaelberg, DC 74605',NULL,'2014-12-23'),
(19, 'Patricia Oliver','hsmith@gmail.com','99700 Wilson Ridges, Blankenshipville, KY 78154','957-546-7154','1979-02-05'),
(20, 'Elizabeth Bennett','cody65@gmail.com','530 Candice Club Suite 894, Williamsview, MD 92542','733-520-0272','1972-09-16'),
(21, 'Brittany Perez', 'evelynjackson@yahoo.com', '351 Blake Plaza, North Teresaville, AL 29536', '205-141-3289', '2010-08-23'),
(22, 'Jessica Johnson', 'karen53@gmail.com', '19024 Charles Forest Apt. 977, West Karen, ND 25595', '360-911-8256', '2021-01-15'),
(23, 'Traci Butler', 'baileyjohnson@pena.com', '84834 Phillips Divide, Scottside, MA 68953', '150.156.7530x956', '2005-11-29'),
(24, 'Craig Smith', 'cortezrachel@hotmail.com', '201 Morgan Haven Suite 037, Port Jennifer, HI 78058', '852-420-6483', '2006-02-14'),
(25, 'Dawn Ortiz', 'pruittteresa@yahoo.com', 'Unit 4219 Box 0012, DPO AA 67879', '592-851-2236x184', '1989-06-30'),
(26, 'Jennifer Kelly', 'keithgibson@rose.net', '93374 Johnson Square Apt. 680, South Michelle, IA 51482', '693-740-5942', '2004-04-20'),
(27, 'Tamara Bailey', 'michael22@hotmail.com', '35421 Marie Port Apt. 221, Lake Michelle, AK 13793', '263.080.6121x3568', '2007-10-09'),
(28, 'Travis Torres', 'michaelgonzalez@robinson.net', '04408 Andrew Garden Apt. 692, Lisaport, NM 98668', '719-058-1771', '2000-12-27'),
(29, 'Rebecca Bradley', 'hrice@gmail.com', '54662 Emily Springs, West Shannon, RI 47326', '532.643.5392', '1993-03-11'),
(30, 'Christopher Powell', 'angelaherrera@wheeler.com', '99683 Pamela Lane, South Jasmine, FL 58791', '231.762.1957x648', '2009-09-19'),
(31, 'Thomas West', 'wesleyguzman@nichols.com', 'Unit 2505 Box 1870, DPO AP 37721', '695-047-9449', '2023-10-03'),
(32, 'Katie Bishop', 'blake18@case.com', '0405 Davis Neck, South Stevenport, PA 04561', '631.875.0392x66395', '2003-07-08'),
(33, 'Scott Holloway', 'wgray@gmail.com', '2001 Blake Plains Apt. 121, Tuckerside, NY 37314', '176.289.6891', '1990-12-03'),
(34, 'Jessica Johnson', 'richard46@tran.net', '1050 Johnson Camp Suite 126, Lake Sandra, AZ 16034', '595.332.3440x692', '2002-11-21'),
(35, 'Joseph Garza', 'lacey28@case.com', '9773 Curtis Lake, Andrewborough, IN 74079', '168-674-9694', '2018-08-06');

INSERT INTO CustomerProfile (CustomerID, DateOfBirth, Gender, PreferredGenre, LoyaltyPoints) VALUES (1, '1990-03-15', 'Male', 'Science Fiction', 120);
INSERT INTO CustomerProfile (CustomerID, DateOfBirth, Gender, PreferredGenre, LoyaltyPoints) VALUES (2, '1985-07-22', 'Female', 'Romance', 200);
INSERT INTO CustomerProfile (CustomerID, DateOfBirth, Gender, PreferredGenre, LoyaltyPoints) VALUES (3, '2000-11-30', 'Non-binary', 'Fantasy', 80);
INSERT INTO CustomerProfile (CustomerID, DateOfBirth, Gender, PreferredGenre, LoyaltyPoints) VALUES (4, '1998-02-12', 'Female', 'Thriller', 150);
INSERT INTO CustomerProfile (CustomerID, DateOfBirth, Gender, PreferredGenre, LoyaltyPoints) VALUES (5, '1993-09-09', 'Male', 'Mystery', 95);
INSERT INTO CustomerProfile (CustomerID, DateOfBirth, Gender, PreferredGenre, LoyaltyPoints) VALUES (6, '2001-01-25', 'Female', 'Young Adult', 180);
INSERT INTO CustomerProfile (CustomerID, DateOfBirth, Gender, PreferredGenre, LoyaltyPoints) VALUES (7, '1997-06-10', 'Male', 'Historical', 60);
INSERT INTO CustomerProfile (CustomerID, DateOfBirth, Gender, PreferredGenre, LoyaltyPoints) VALUES (8, '1989-12-19', 'Female', 'Horror', 135);
INSERT INTO CustomerProfile (CustomerID, DateOfBirth, Gender, PreferredGenre, LoyaltyPoints) VALUES (9, '1995-08-03', 'Male', 'Biography', 110);
INSERT INTO CustomerProfile (CustomerID, DateOfBirth, Gender, PreferredGenre, LoyaltyPoints) VALUES (10, '1992-04-27', 'Female', 'Self-help', 170);
INSERT INTO CustomerProfile (CustomerID, DateOfBirth, Gender, PreferredGenre, LoyaltyPoints) VALUES (11, '1991-07-14', 'Male', 'Science Fiction', 210);
INSERT INTO CustomerProfile (CustomerID, DateOfBirth, Gender, PreferredGenre, LoyaltyPoints) VALUES (12, '1996-05-21', 'Female', 'Romance', 140);
INSERT INTO CustomerProfile (CustomerID, DateOfBirth, Gender, PreferredGenre, LoyaltyPoints) VALUES (13, '1987-03-11', 'Male', 'Fantasy', 190);
INSERT INTO CustomerProfile (CustomerID, DateOfBirth, Gender, PreferredGenre, LoyaltyPoints) VALUES (14, '1999-11-09', 'Female', 'Thriller', 130);
INSERT INTO CustomerProfile (CustomerID, DateOfBirth, Gender, PreferredGenre, LoyaltyPoints) VALUES (15, '2002-10-01', 'Male', 'Mystery', 70);
INSERT INTO CustomerProfile (CustomerID, DateOfBirth, Gender, PreferredGenre, LoyaltyPoints) VALUES (16, '1988-12-02', 'Female', 'Young Adult', 185);
INSERT INTO CustomerProfile (CustomerID, DateOfBirth, Gender, PreferredGenre, LoyaltyPoints) VALUES (17, '1994-01-16', 'Male', 'Historical', 55);
INSERT INTO CustomerProfile (CustomerID, DateOfBirth, Gender, PreferredGenre, LoyaltyPoints) VALUES (18, '1990-06-08', 'Female', 'Horror', 145);
INSERT INTO CustomerProfile (CustomerID, DateOfBirth, Gender, PreferredGenre, LoyaltyPoints) VALUES (19, '1998-04-29', 'Male', 'Biography', 125);
INSERT INTO CustomerProfile (CustomerID, DateOfBirth, Gender, PreferredGenre, LoyaltyPoints) VALUES (20, '2000-07-18', 'Female', 'Self-help', 165);
INSERT INTO CustomerProfile (CustomerID, DateOfBirth, Gender, PreferredGenre, LoyaltyPoints) VALUES (21, '1993-09-22', 'Male', 'Science Fiction', 100);
INSERT INTO CustomerProfile (CustomerID, DateOfBirth, Gender, PreferredGenre, LoyaltyPoints) VALUES (22, '1986-08-17', 'Female', 'Romance', 230);
INSERT INTO CustomerProfile (CustomerID, DateOfBirth, Gender, PreferredGenre, LoyaltyPoints) VALUES (23, '2001-03-13', 'Male', 'Fantasy', 75);
INSERT INTO CustomerProfile (CustomerID, DateOfBirth, Gender, PreferredGenre, LoyaltyPoints) VALUES (24, '1995-02-08', 'Female', 'Thriller', 160);
INSERT INTO CustomerProfile (CustomerID, DateOfBirth, Gender, PreferredGenre, LoyaltyPoints) VALUES (25, '1997-11-05', 'Male', 'Mystery', 90);
INSERT INTO CustomerProfile (CustomerID, DateOfBirth, Gender, PreferredGenre, LoyaltyPoints) VALUES (26, '1984-06-23', 'Female', 'Young Adult', 195);
INSERT INTO CustomerProfile (CustomerID, DateOfBirth, Gender, PreferredGenre, LoyaltyPoints) VALUES (27, '1992-10-14', 'Male', 'Historical', 115);
INSERT INTO CustomerProfile (CustomerID, DateOfBirth, Gender, PreferredGenre, LoyaltyPoints) VALUES (28, '1996-01-31', 'Female', 'Horror', 140);
INSERT INTO CustomerProfile (CustomerID, DateOfBirth, Gender, PreferredGenre, LoyaltyPoints) VALUES (29, '1999-05-28', 'Male', 'Biography', 155);
INSERT INTO CustomerProfile (CustomerID, DateOfBirth, Gender, PreferredGenre, LoyaltyPoints) VALUES (30, '1994-07-06', 'Female', 'Self-help', 175);
INSERT INTO CustomerProfile (CustomerID, DateOfBirth, Gender, PreferredGenre, LoyaltyPoints) VALUES (31, '1989-10-20', 'Male', 'Science Fiction', 105);
INSERT INTO CustomerProfile (CustomerID, DateOfBirth, Gender, PreferredGenre, LoyaltyPoints) VALUES (32, '2003-03-04', 'Female', 'Romance', 125);
INSERT INTO CustomerProfile (CustomerID, DateOfBirth, Gender, PreferredGenre, LoyaltyPoints) VALUES (33, '1991-12-13', 'Male', 'Fantasy', 135);
INSERT INTO CustomerProfile (CustomerID, DateOfBirth, Gender, PreferredGenre, LoyaltyPoints) VALUES (34, '2002-02-26', 'Female', 'Thriller', 115);
INSERT INTO CustomerProfile (CustomerID, DateOfBirth, Gender, PreferredGenre, LoyaltyPoints) VALUES (35, '1985-11-17', 'Male', 'Mystery', 165);


INSERT INTO Orders (Id, CustomerID, OrderDate, TotalAmount, Status) VALUES
(1, 9, '2025-03-15 23:09:49', 21.89, 'Shipped'),
(2, 11, '2025-02-14 13:39:03', 194.89, 'Delivered'),
(3, 11, '2025-02-03 21:06:45', 104.39, 'Delivered'),
(4, 1, '2025-02-02 04:58:53', 250.43, 'Delivered'),
(5, 16, '2025-01-09 10:17:49', 143.31, 'Delivered'),
(6,	20,	'2025-02-20 18:36:00', 54.87, 'Pending'),
(7,	3,	'2025-03-01 14:11:31',242.15, 'Pending'),
(8,	1,	'2025-02-14 07:05:30',	48.09, 'Shipped'),
(9,	2,	'2025-04-12 09:41:26',	198.61,	'Delivered'),
(10,2,	'2025-01-10 19:57:27',	168.53,'Delivered'),
(11, 1,	'2025-04-04 20:39:12',	248.66,',Delivered'),
(12, 8, '2025-04-17 16:10:13',	199.71,'Delivered'),
(13, 17,'2025-01-21 16:22:59',	110.14,'Shipped'),
(14, 11, '2025-01-23 05:02:22',	194.81,'Pending'),
(15, 8,	'2025-04-11 17:21:05',	37.63,'Shipped'),
(16, 12,'2025-02-16 18:37:29',	237.46,'Shipped'),
(17, 6,'2025-01-23 19:06:07',21.56,'Shipped'),
(18, 14,	'2025-04-30 18:46:38',86.22,'Pending'),
(19, 12,	'2025-01-04 14:01:34',249.65,'Pending'),
(20, 9,	'2025-04-12 16:12:04',280.76,'Shipped'),
(21, 10,	'2025-03-05 02:03:45', 184.75,'Delivered'),
(22, 7,	'2025-02-16 02:14:43',167.87,'Delivered'),
(23, 19,	'2025-02-14 12:50:35',271.99,'Delivered'),
(24, 20,	'2025-03-30 01:18:49',33.58,'Pending'),
(25, 14, '2025-02-20 19:12:50',93.74,'Shipped');


INSERT INTO OrderDetails (Id, OrderID, BooksID, Quantity, Subtotal) VALUES
(1, 10, 7, 1, 59),
(2, 15, 13, 5, 126),
(3, 18, 20, 4, 57),
(4, 8, 13, 4, 25),
(5, 11, 12, 1, 39),
(6,	19,	8,	1,	27),
(7,	10,	15,	3,	136),
(8,	6,	13,	4,	146),
(9,	3,	1,	3,	126),
(10, 7,	6,	1,	104),
(11, 5,	17,	1,	87),
(12, 9,	13, 2, 91),
(13, 24, 10, 2,	38),
(14, 4,	8,	1,	49),
(15, 13, 16, 1,	82),
(16, 7,	5,	5,	116),
(17, 3,	8,	5,	99),
(18, 22, 5,	5,	137),
(19, 5, 5, 2, 73),
(20, 3, 7, 3, 830),
(21, 18, 7, 4, 259),
(22, 4, 17, 5, 111),
(23, 25, 14, 3, 104),
(24, 23, 14, 3, 125),
(25, 8, 8, 3, 125),
(26, 13, 13, 3, 145),
(27, 6, 15, 3, 25),
(28, 23, 4, 1, 64),
(29, 16, 13, 5, 95),
(30, 15, 13, 4, 129),
(31, 23, 19, 4, 22),
(32, 18, 5, 3, 53),
(33, 16, 18, 4, 53),
(34, 22, 17, 3, 32),
(35, 22, 14, 3, 139),
(36, 14, 17, 2, 71),
(37, 14, 19, 4, 101),
(38,	22, 19, 3, 105),
(39,	11, 9, 1, 95),
(40,	14, 7, 2, 110);

INSERT INTO Reviews (Id, Customer_Id, Book_Id, Rating, Review_Text) VALUES
(1, 16, 17, 3, 'His back power case no.'),
(2, 12, 15, 1, 'Network threat human seem hotel describe.'),
(3, 3, 11, 3, 'Peace card woman consumer early hold surface.'),
(4, 9, 4, 3, NULL),
(5, 8, 3, 4, 'Through cultural degree wife win.'),
(6,	4,	20,	5,	'Simple himself group hit.'),
(7,	20,	6,	3,	'Quality least notice news student.'),
(8,	20,	18,	2,	Null),
(9,	16,	13, 5,	'International fill public expert above treat.'),
(10,	7,	17,	4,	'Fast interesting young against beautiful season statement under.'),
(11,	12,	17,	4,	'Culture nothing theory interesting wish.'),
(12,	7,	10,	5,	Null),
(13,	15,	17,	1,	'Method simple family always.'),
(14,	10,	13,	1,	'Commercial ago way throughout.'),
(15,	9,	20,	1,	'Certainly word some peace hold family.'),
(16,	4,	5,	1,	Null),
(17,	13,	7,	1,	'Discuss buy good pay low million much increase.'),
(18,	14,	7,	1,	'Song high somebody street north store.'),
(19,	20,	13,	1,	'Response past learn international cover actually.'),
(20,	17,	5,	5,	Null );


INSERT INTO Payments (Id, Order_Id, Book_Id, Payment_Methods, Payment_Date, Payment_Amount) VALUES
(1, 12, 5, 'Bank Transfer', '2025-01-29 12:22:08', 135.81),
(2, 7, 2, 'Bank Transfer', '2025-02-22 23:57:42', 145.32),
(3, 21, 15, 'PayPal', '2025-03-04 10:44:44', 135.37),
(4, 1, 4, 'PayPal', '2025-02-06 23:40:18', 65.60),
(5, 8, 3, 'PayPal', '2025-03-09 19:48:36', 117.28),
(6,	11,	2, 'PayPal',	'2025-01-04 02:34:50', 74.31),
(7,	12,	16	,'Bank Transfer', '2025-04-28 16:52:01', 78.34),
(8,	10,	14	,'Bank Transfer', '2025-03-03 12:19:17', 288.05),
(9,	8,	6	,'Bank Transfer' , '2025-03-05 19:34:29', 223.37),
(10,	18,	6	,'Bank Transfer', '2025-01-19 07:41:52', 32.23),
(11,	13,	15	,'PayPal', '2025-04-19 10:16:25', 176.01),
(12,	8,	20	,'Bank Transfer','2025-04-08 03:50:30', 127.51),
(13,	23,	15	,'Credit Card	','2025-01-05 20:35:49', 181.51),
(14,	11,	12	,'Bank Transfer ',' 2025-03-17 17:05:13', 92.73),
(15,	20,	3	,'Credit Card', '2025-04-04 11:58:52', 262.54),
(16,	9,	9	,'PayPal	', '2025-01-03 08:13:32', 59.63),
(17,	5,	10	,'Bank Transfer', '2025-01-01 01:47:43',157.84),
(18,	9,	15	,'PayPal', '2025-02-01 22:10:18', 195.09),
(19,	2,	3	,'Bank Transfer', '2025-05-02 02:53:12',158.98),
(20,	21,	9	,'Bank Transfer', '2025-03-26 15:16:51', 298.1);

INSERT INTO Publisher (Name, Email, Address, Phone) VALUES 
('Bloom Books','bloombooks@sourcebooks.com', '1935 Brookdale Rd. Ste. 139 Naperville, IL 60563','800-432-7444'),
('Self Published','Unknown','Unknown','Unknown'),	
('Inkyard Press','CustomerService@Harlequin.com','22 Adelaide Street West, 41st Floor, Toronto, Ontario M5H 4E3','888-432-4879'),
('Scholastic Press','magazinecs@scholastic.com','557 Broadway, New York, NY 10012','800-SCHOLASTIC'),
('Podium','contact@podiumaudio.com','Los Angeles, California','310-594-7615'),
('Wednesday Books','DataPrivacy@macmillan.com','120 Broadway New York, NY 10271', 'Unknown'),	
('Titan Books','Unknown','144 Southwark Street, London, SE1 0UP, United Kingdom','Unknown'),	
('Viking','vikingpublicity@penguinrandomhouse.com','A PenguinRandomHouse Location', 'Unknown'),	
('Avery','averypublicity@penguinrandomhouse.com','A PenguinRandomHouse Location','Unknown'),
('Celadon Books','contact@celadonbooks.com','120 Broadway New York, NY 10271','Unknown'),
('Crown Publishing Group','crownpublicity@penguinrandomhouse.com','A PenguinRandomHouse Location','Unknown'),	
('G.P. Putnam’s Sons','putnampublicity@us.penguingroup.com','A PenguinRandomHouse Location','Unknown'),	
('Random House','global.penguinrandomhouse.com','A PenguinRandomHouse Location','Unknown'),
('St Martin''s Griffin','publicity@stmartins.com','120 Broadway New York, NY 10271','Unknown'),
('Grove Press','info@groveatlantic.com','154 West 14th Street, 12th Floor New York, NY 10011','212-614-7850'),	
('Penguin Books','penguinpublicity@penguinrandomhouse.com','A PenguinRandomHouse Location	To many Numbers','Unknown'),	
('Harper Collins Publishers','consumercare@harpercollins.com','HarperCollins Publishing Return Center 2205 East Lincoln Way La Porte, IN 46350',
'212-207-7000');	
				
				
INSERT INTO BookEdition (EditionID, BookId, PublishedYear, EditionInfo) VALUES
(1, 1, 2021, 'First Edition'),
(2, 3, 2022, 'Second Edition'),
(3, 2, 2020, 'First Edition'),
(4, 1, 2023, 'Deluxe Edition'),
(5, 5, 2019, 'Collector''s Edition'),
(6, 26, 2022, 'First Print'),
(7, 34, 2021, 'Paperback Edition'),
(8, 8, 2020, 'Anniversary Edition'),
(9, 9, 2024, 'Special Edition'),
(10, 17, 2023, 'Revised Edition'),
(11, 10, 2021, 'First Edition'),
(12, 12, 2023, 'Illustrated Edition'),
(13, 11, 2022, 'Expanded Edition'),
(14, 14, 2020, 'Limited Edition'),
(15, 15, 2021, 'Hardcover Edition'),
(16, 13, 2022, 'First Edition'),
(17, 27, 2019, 'Early Release'),
(18, 2, 2023, 'Updated Edition'),
(19, 9, 2020, 'First Edition'),
(20, 1, 2024, 'Special Reprint'),
(21, 31, 2021, 'First Edition'),
(22, 22, 2022, 'Second Edition'),
(23, 33, 2020, 'First Edition'),
(24, 24, 2023, 'Deluxe Edition'),
(25, 14, 2019, 'Collector''s Edition'),
(26, 6, 2022, 'First Print'),
(27, 25, 2021, 'Paperback Edition'),
(28, 18, 2020, 'Anniversary Edition'),
(29, 29, 2024, 'Special Edition'),
(30, 10, 2023, 'Revised Edition'),
(31, 21, 2021, 'First Edition'),
(32, 32, 2023, 'Illustrated Edition'),
(33, 23, 2022, 'Expanded Edition'),
(34, 4, 2020, 'Limited Edition'),
(35, 35, 2021, 'Hardcover Edition'),
(36, 36, 2022, 'First Edition'),
(37, 37, 2019, 'Early Release'),
(38, 28, 2023, 'Updated Edition'),
(39, 19, 2020, 'First Edition'),
(40, 20, 2024, 'Special Reprint'), 
(41, 21, 2022, 'First Edition'),
(42, 2, 2023, 'Revised Edition'),
(43, 13, 2020, 'Collector''s Edition'),
(44, 24, 2021, 'Hardcover'),
(45, 5, 2024, 'Limited Edition'),
(46, 6, 2019, 'Anniversary Edition'),
(47, 7, 2023, 'Paperback Release'),
(48, 18, 2022, 'Illustrated Version'),
(49, 9, 2021, 'Early Print'),
(50, 30, 2023, 'Special Release'),
(51, 11, 2020, 'First Edition'),
(52, 12, 2021, 'Updated Format'),
(53, 4, 2024, 'Reprint'),
(54, 3, 2022, 'Deluxe Edition'),
(55, 35, 2018, 'Initial Run'),
(56, 16, 2020, 'Box Set Edition'),
(57, 17, 2021, 'Media Tie-In Edition'),
(58, 28, 2023, 'Enhanced Edition'),
(59, 29, 2019, 'Library Edition'),
(60, 20, 2024, 'Revised Second Edition');


INSERT INTO BookPromotion (Book_Id, Publisher_Name, Customer_Id, PromotionDate) VALUES
(11, 'Bloom Books', 2, '2023-08-15 10:00:00'),
(2, 'Self Published', 1, '2024-01-15 10:30:00'),
(33, 'Inkyard Press', 3, '2024-01-20 14:00:00'),
(4, 'Scholastic Press', 4, '2024-02-05 13:00:00'),
(5, 'Podium', 5, '2024-02-18 11:00:00'),
(6, 'Wednesday Books', 6, '2024-03-01 15:00:00'),
(7, 'Titan Books', 7, '2024-03-10 16:30:00'),
(8, 'Viking', 8, '2024-03-22 10:00:00'),
(9, 'Avery', 9, '2024-04-01 12:00:00'),
(10, 'Celadon Books', 10, '2024-04-10 17:00:00'),
(1, 'Crown Publishing Group', 11, '2024-04-25 09:30:00'),
(12, 'G.P. Putnam’s Sons', 2, '2024-05-05 13:45:00'),
(13, 'Random House', 23, '2024-05-15 14:15:00'),
(14, 'St Martin''s Griffin', 24, '2024-06-01 10:30:00'),
(15, 'Grove Press', 15, '2024-06-12 11:15:00'),
(16, 'Penguin Books', 16, '2024-07-04 12:00:00'),
(17, 'Harper Collins Publishers', 27, '2024-07-15 15:45:00'),
(18, 'Bloom Books', 18, '2024-08-10 10:00:00'),
(19, 'Podium', 29, '2024-08-25 14:20:00'),
(20, 'Penguin Books', 20, '2024-09-05 16:10:00'),
(21, 'Bloom Books', 1, '2024-01-10 09:00:00'),
(21, 'Bloom Books', 2, '2023-08-15 10:00:00'),
(22, 'Self Published', 21, '2024-01-15 10:30:00'),
(23, 'Inkyard Press', 13, '2024-01-20 14:00:00'),
(24, 'Scholastic Press', 14, '2024-02-05 13:00:00'),
(25, 'Podium', 25, '2024-02-18 11:00:00'),
(26, 'Wednesday Books', 26, '2024-03-01 15:00:00'),
(27, 'Titan Books', 17, '2024-03-10 16:30:00'),
(28, 'Viking', 28, '2024-03-22 10:00:00'),
(29, 'Avery', 29, '2024-04-01 12:00:00'),
(30, 'Celadon Books', 30, '2024-04-10 17:00:00'),
(31, 'Crown Publishing Group', 11, '2024-04-25 09:30:00'),
(32, 'G.P. Putnam’s Sons', 12, '2024-05-05 13:45:00'),
(3, 'Random House', 33, '2024-05-15 14:15:00'),
(34, 'St Martin''s Griffin', 34, '2024-06-01 10:30:00'),
(35, 'Grove Press', 35, '2024-06-12 11:15:00'),
(36, 'Penguin Books', 16, '2024-07-04 12:00:00'),
(37, 'Harper Collins Publishers', 32, '2024-07-15 15:45:00'),
(33, 'Bloom Books', 31, '2024-08-10 10:00:00'),
(9, 'Podium', 29, '2024-08-25 14:20:00'),
(10, 'Penguin Books', 20, '2024-09-05 16:10:00'),
(1, 'Bloom Books', 1, '2024-01-10 09:00:00');
